Date,Economic and Social Analysis ,Urban Planning Policy and Governance ,FeeWeighted Infrastructure Planning and Delivery ,Analytics
2015-01-06,681599.6406,2052285.569,1850797.239,40106.57145
2015-01-12,685518.0985,2052145.309,1850670.749,40454.86339
2015-01-12,689976.7098,2052005.049,1855049.725,40848.53676
2015-01-12,689929.548,2051864.789,1867311.985,41273.69801
2015-01-13,689882.3862,2114731.418,1867184.341,42157.32534
2015-01-23,689835.2245,2114586.85,1867056.696,42476.69902
2015-01-27,689788.0627,2138771.306,1866929.052,43018.96953
2015-01-28,689740.9009,2169936.051,1866801.407,43629.03101
2015-01-29,689693.7391,2169787.679,1866673.762,43952.20901
2015-01-29,689646.5774,2169639.308,1866546.118,44275.38702
2015-01-29,689599.4156,2224323.436,1866418.473,45116.06503
2015-01-29,723184.5162,2224171.314,1866290.829,45762.73071
2015-01-31,723135.0541,2224019.193,1866163.184,46091.95898
2015-02-03,723085.5921,2224302.868,1866035.54,46425.39051
2015-02-04,723036.13,2224150.716,1879228.498,46884.04562
2015-02-04,722986.668,2223998.565,1879099.942,47214.21496
2015-02-05,722937.206,2266105.072,1878971.387,47960.72576
2015-02-05,722887.7439,2265950.029,1887754.416,48382.20099
2015-02-06,741155.2873,2265794.986,1887625.251,48898.86592
2015-02-09,741104.5719,2268461.559,1887496.085,49262.1738
2015-02-09,741053.8564,2312547.222,1887366.92,50045.39172
2015-02-09,750481.4828,2321867.301,1887237.754,50576.85265
2015-02-16,750430.1187,2409488.159,1887108.588,51817.52429
2015-02-16,750378.7545,2449285.188,1886979.423,52576.02492
2015-02-16,750327.3904,2456132.539,1886850.257,52997.20347
2015-02-18,750276.0262,2515472.45,1946229.139,54592.49504
2015-02-18,750224.6621,2606060.746,1946095.9,55906.25232
2015-02-18,750173.2979,2605981.272,1945962.66,56270.33007
2015-02-19,750121.9338,2605802.841,1957054.514,56753.27096
2015-02-24,750070.5697,2616841.543,1968137.638,57358.26959
2015-02-27,750019.2055,2627791.917,1968002.862,57844.03572
2015-03-02,749967.8414,2627611.956,2048848.239,59091.98396
2015-03-03,749916.4772,2627431.995,2068491.114,59680.43382
2015-03-05,752238.9342,2629625.855,2068349.437,60105.79426
2015-03-09,752187.4075,2629445.731,2137439.467,61247.41485
2015-03-09,752135.8807,2629265.607,2137293.047,61625.48532
2015-03-10,752084.354,2629085.484,2137146.627,62003.55578
2015-03-10,752032.8273,2628905.36,2271418.08,63901.25276
2015-03-11,751981.3005,2628725.236,2271262.45,64288.53308
2015-03-11,769058.7524,2634254.772,2271106.82,64937.17519
2015-03-12,769006.0519,2634074.257,2293689.402,65587.80917
2015-03-12,768953.3514,2689698.277,2293532.214,66624.56784
2015-03-13,869867.1181,2689513.938,2293375.025,68195.23878
2015-03-16,892472.8333,2689329.598,2293217.837,68862.05127
2015-03-17,922377.3481,2719110.948,2293060.649,69971.375
2015-03-18,922314.1196,2746124.694,2292903.461,70700.77559
2015-03-19,922250.8911,2745936.435,2332991.181,71589.54205
2015-03-20,922187.6626,2768179.037,2332831.234,72270.11577
2015-03-23,939415.762,2785280.569,2332671.287,73100.43203
2015-03-25,1007127.174,2852865.413,2332511.34,75161.02277
2015-03-26,1007058.112,2852669.784,2332351.392,75585.66132
2015-03-26,1042013.63,2852474.154,2332191.445,76440.27036
2015-03-27,1049370.459,2859706.818,2332031.498,77050.72561
2015-03-27,1059657.379,2859510.679,2342230.444,77735.99895
2015-04-02,1070577.455,2870307.3,2342069.786,78439.95928
2015-04-06,1070504.017,2896587.107,2368385.829,79535.72632
2015-04-07,1101460.158,2927417.976,2399252.933,81145.45255
2015-04-15,1101384.591,2927217.138,2399088.33,81586.46045
2015-04-16,1101309.025,2927016.3,2403411.008,82084.73706
2015-04-17,1101233.458,2947475.355,2403246.097,82791.15956
2015-04-22,1101157.891,2947273.099,2403081.187,83233.89303
2015-04-22,1101082.324,2971515.769,2402916.276,83993.7009
2015-04-22,1101006.758,2971311.835,2402751.365,84438.11201
2015-04-22,1100931.191,2971107.902,2402586.454,84882.52313
2015-04-27,1100855.624,2970903.968,2402421.543,85326.93424
2015-04-27,1100780.058,2970700.035,2404107.115,85795.86264
2015-04-28,1131681.912,3001473.523,2403942.077,87065.55797
2015-04-30,1131604.219,3001267.462,2403777.039,87514.3495
2015-04-30,1131526.526,3001061.402,2403612.001,87963.14104
2015-05-01,1153809.352,3000855.342,2403446.963,88714.41299
2015-05-04,1153730.123,3019382.565,2403281.925,89419.45704
2015-05-05,1153650.894,3075401.789,2403116.888,90639.49898
2015-05-06,1153571.665,3081923.101,2402951.85,91187.45352
2015-05-06,1153492.437,3133188.741,2402786.812,92354.08103
2015-05-07,1153413.208,3182104.812,2402621.774,93495.2767
2015-05-07,1153333.979,3195038.273,2402456.736,94141.53222
2015-05-07,1154231.067,3195795.105,2403268.015,94646.33239
2015-05-07,1154151.771,3195575.554,2403102.91,95110.285
2015-05-07,1154072.475,3195356.002,2402937.805,95574.23761
2015-05-08,1153993.179,3195136.45,2402772.7,96038.19022
2015-05-08,1153913.884,3239282.752,2402607.595,97136.28917
2015-05-13,1153834.588,3258776.954,2402442.49,97886.48839
2015-05-19,1153755.292,3269396.494,2413120.881,98667.85293
2015-05-19,1167117.429,3282613.226,2412955.031,99527.57438
2015-05-20,1167037.209,3282387.601,2452017.528,100570.9222
2015-05-21,1166956.989,3386382.953,2451848.981,102571.3371
2015-05-21,1166876.769,3403766.001,2451680.434,103312.0559
2015-05-22,1166796.55,3409198.244,2451511.887,103878.5793
2015-05-22,1166716.33,3415688.976,2451343.341,104461.6136
2015-05-26,1166636.11,3464246.086,2451174.794,105673.2701
2015-05-27,1166555.89,3468934.031,2451006.247,106234.0919
2015-05-28,1166475.67,3468695.485,2480392.579,107166.5262
2015-05-29,1166395.451,3480866.671,2480221.999,107843.6387
2015-06-03,1166315.231,3955308.876,2480051.42,115549.2325
2015-06-03,1166235.011,3955036.828,2511406.031,116553.4797
2015-06-04,1166154.791,3968217.956,2511233.283,117284.8693
2015-06-04,1166074.572,3967944.982,2515984.655,117886.6912
2015-06-05,1165994.352,4046320.047,2515811.568,119630.4329
2015-06-05,1186051.009,4066178.539,2515638.482,120788.3704
2015-06-10,1185969.403,4074625.461,2515465.396,121459.1398
2015-06-10,1205381.945,4074345.091,2515292.309,122300.0558
2015-06-11,1224226.846,4130848.255,2515119.223,124029.6263
2015-06-12,1224142.597,4179784.844,2514946.136,125350.3732
2015-06-12,1227637.797,4179497.178,2514773.05,125952.2853
2015-06-16,1227553.301,4194915.697,2514599.963,126748.348
2015-06-16,1227468.806,4284502.695,2514426.877,128736.2031
2015-06-16,1227384.31,4334851.931,2514253.79,130104.5482
2015-06-16,1227299.814,4341823.884,2514080.704,130778.1779
2015-06-16,1227215.319,4343548.798,2513907.618,131367.566
2015-06-16,1227130.823,4343249.738,2518654.247,132004.4928
2015-06-16,1227046.327,4346271.257,2518480.821,132615.8945
2015-06-16,1226961.831,4345971.968,2518307.396,133173.1042
2015-06-16,1226877.336,4350788.127,2518133.971,133814.8667
2015-06-16,1226792.84,4350488.486,2517960.546,134372.4286
2015-06-17,1235068.981,4358549.481,2517787.12,135208.7168
2015-06-18,1234983.91,4358249.264,2532366.744,136014.3818
2015-06-19,1243995.925,4357949.048,2541289.389,136879.9383
2015-06-22,1243910.227,4363180.462,2541114.321,137534.2905
2015-06-23,1243824.528,4362879.864,2555689.253,138345.655
2015-06-24,1243738.83,4362579.266,2575178.48,139242.7241
2015-06-24,1272780.368,4362278.668,2575001.041,140304.224
2015-06-25,1272692.662,4363944.33,2574823.601,140903.7067
2015-06-26,1272604.957,4363643.596,2574646.162,141469.585
2015-06-28,1272517.251,4363342.863,2590196.636,142307.5501
2015-06-29,1272429.546,4363042.129,2657326.484,144043.6405
2015-06-29,1272341.841,4362741.396,2671886.208,144872.3561
2015-06-29,1281099.257,4362440.662,2671702.029,145599.8521
2015-06-30,1281010.942,4362139.929,2671517.849,146173.0799
2015-06-30,1280922.627,4409429.217,2671333.67,147586.286
2015-06-30,1286729.84,4409125.202,2671149.491,148267.2664
2015-06-30,1286641.119,4408821.187,2670965.312,148844.1819
2015-07-01,1286552.397,4413232.945,2670781.133,149505.3249
2015-07-01,1286463.675,4412928.605,2670596.954,150082.5656
2015-07-02,1286374.954,4412624.265,2686129.848,150942.733
2015-07-02,1286286.232,4412319.925,2690855.832,151609.8111
2015-07-03,1286197.511,4412015.585,2690670.23,152188.4745
2015-07-06,1301079.887,4411711.245,2705455.725,153312.4428
2015-07-06,1300990.132,4411406.905,2705269.091,153893.1717
2015-07-07,1300900.378,4411102.566,2751358.184,155323.1723
2015-07-07,1300810.623,4410798.226,2751168.357,155907.094
2015-07-10,1300720.869,4410493.886,2768651.7,156817.845
2015-07-13,1300631.114,4428450.562,2768460.653,157741.97
2015-07-13,1324875.43,4452479.032,2768269.607,159235.2311
2015-07-13,1324783.996,4473124.849,2768078.56,160216.8947
2015-07-14,1324692.563,4531231.779,2767887.513,161904.8057
2015-07-15,1324601.129,4530919.021,2850147.715,164053.7949
2015-07-17,1324509.695,4548272.117,2867616.83,165323.0173
2015-07-20,1324418.261,4590549.536,2867418.872,166734.9903
2015-07-20,1324326.828,4593176.521,2867220.915,167397.3969
2015-07-21,1324235.394,4592859.4,2867611.697,168015.1694
2015-07-22,1324143.96,4592542.28,2878563.307,168835.7529
2015-07-23,1324052.526,4592225.159,2900513.258,169869.8069
2015-07-25,1333771.391,4591908.038,2900312.96,170668.3611
2015-07-27,1338584.09,4591590.917,2905017.473,171468.2704
2015-07-28,1338491.639,4591628.979,2904816.836,172085.3959
2015-08-03,1338399.189,4617379.526,2904616.199,173205.2056
2015-08-03,1338306.739,4635155.58,2904415.563,174172.2381
2015-08-03,1338214.289,4652120.064,2904214.926,175125.8407
2015-08-05,1338121.839,4692771.567,2904014.29,176549.9241
2015-08-06,1338029.389,4692447.346,2903813.653,177167.2315
2015-08-06,1337936.939,4696829.467,2917732.041,178159.1731
2015-08-06,1337844.489,4737584.521,2917530.429,179598.181
2015-08-10,1337752.039,4743728.932,2923800.612,180479.0366
2015-08-10,1337659.589,4778877.598,2923598.553,181814.8801
2015-08-11,1337567.139,4896173.331,2923396.493,184813.6573
2015-08-12,1337474.689,4895834.917,2923194.434,185446.5807
2015-08-14,1362080.288,4895496.503,2922992.374,186581.4554
2015-08-18,1375106.552,4895158.089,2922790.315,187483.6648
2015-08-18,1378987.843,4894819.675,2926564.611,188281.9517
2015-08-20,1378892.504,4894481.261,2961893.83,189647.6855
2015-08-24,1378797.164,4894142.847,3109873.491,193339.678
2015-08-24,1378701.825,4893804.433,3109658.453,193988.4689
2015-08-24,1380369.9,4893466.019,3109443.416,194673.8451
2015-08-25,1381229.556,4894082.722,3109228.378,195362.5242
2015-08-26,1381134.029,4893744.242,3126681.555,196380.6244
2015-08-26,1381038.501,4917868.063,3126465.296,197543.5895
2015-08-27,1380942.974,4943363.682,3152084.827,199282.1673
2015-08-28,1380847.447,4987077.155,3151866.78,200867.2689
2015-08-28,1380751.919,4990649.221,3151648.733,201608.7769
2015-08-29,1380656.392,4990303.943,3169575.272,202653.0431
2015-08-31,1380560.865,4989958.665,3172293.369,203375.7523
2015-09-01,1387294.806,4989613.386,3172073.863,204182.095
2015-09-01,1387198.806,4993728.185,3171854.358,204938.5618
2015-09-03,1387102.806,5024182.169,3171634.852,206262.5833
2015-09-03,1387006.806,5050410.548,3171415.347,207499.7095
2015-09-04,1398289.287,5050060.99,3171195.841,208411.292
2015-09-04,1398192.499,5128002.685,3170976.336,210778.8908
2015-09-07,1398095.712,5127647.707,3170756.83,211450.1612
2015-09-07,1397998.924,5150778.909,3170537.325,212635.2527
2015-09-07,1397902.136,5150422.305,3170317.819,213308.149
2015-09-08,1397805.349,5150065.702,3230173.511,215303.8479
2015-09-08,1397708.561,5189333.794,3229949.846,216856.2089
2015-09-10,1422558.928,5197290.165,3229726.181,218273.1363
2015-09-10,1431925.002,5196930.242,3229502.515,219165.6514
2015-09-14,1431825.831,5196570.318,3229278.85,219848.4104
2015-09-15,1431726.66,5196210.395,3229055.185,220531.1695
2015-09-15,1444828.928,5195850.472,3242032.958,221806.5118
2015-09-16,1444728.843,5195490.549,3241808.378,222491.0998
2015-09-16,1444628.758,5195788.761,3241583.799,223190.5521
2015-09-16,1444528.673,5195428.793,3241359.219,223875.1857
2015-09-18,1444428.588,5195068.824,3246414.639,224679.8193
2015-09-22,1444328.502,5194708.855,3314628.858,226925.1046
2015-09-22,1444228.417,5233484.884,3314399.17,228509.8486
2015-09-24,1448864.681,5233122.204,3314169.482,229310.9541
2015-09-25,1448764.267,5242656.779,3313939.793,230231.4804
2015-09-28,1448663.854,5242293.412,3313710.105,230924.9487
2015-09-28,1448563.441,5241930.045,3313480.417,231618.417
2015-09-28,1448463.027,5314864.443,3386548.493,235716.3569
2015-09-28,1448362.614,5314495.994,3386313.724,236419.9878
2015-09-30,1448262.2,5314127.546,3386078.955,237123.6187
2015-10-01,1448161.787,5323920.941,3385844.185,238065.4068
2015-10-02,1466014.346,5323551.788,3385609.416,239191.7697
2015-10-06,1465912.688,5358646.457,3385374.646,240733.5291
2015-10-06,1465811.03,5358274.845,3431621.614,242540.8318
2015-10-06,1465709.371,5357903.232,3574369.936,246643.7806
2015-10-07,1480148.078,5357531.62,3603202.755,248402.7663
2015-10-08,1480045.411,5362043.477,3602952.828,249243.5038
2015-10-08,1479942.744,5372438.828,3602702.901,250225.747
2015-10-10,1479840.077,5409264.211,3602452.973,251843.9581
2015-10-12,1562132.216,5408888.933,3602203.046,254555.5259
2015-10-12,1562023.832,5408513.654,3613048.835,255557.0386
2015-10-12,1563477.616,5408138.376,3612798.138,256329.2299
2015-10-12,1563369.124,5428533.609,3612547.441,257568.186
2015-10-13,1563260.633,5428742.62,3612296.744,258318.3634
2015-10-13,1563152.141,5447888.895,3612046.046,259531.278
2015-10-13,1563043.649,5447510.78,3611795.349,260268.5827
2015-10-14,1562935.157,5486173.314,3611544.652,261965.2371
2015-10-14,1562826.665,5507422.436,3611293.955,263238.3051
2015-10-16,1562718.173,5507040.109,3611043.257,263979.8214
2015-10-20,1584711.845,5528759.946,3610792.56,265817.0085
2015-10-20,1584601.819,5543988.008,3610541.863,266949.6698
2015-10-21,1584491.792,5543603.063,3632243.909,268242.5954
2015-10-21,1584381.766,5543218.117,3667455.102,269876.3746
2015-10-22,1616247.567,5542833.171,3699176.246,272229.3751
2015-10-23,1655154.29,5542448.226,3698919.341,273964.5029
2015-10-23,1655039.333,5600660.826,3698662.436,276198.7652
2015-10-26,1654924.376,5600271.81,3722910.917,277579.2571
2015-10-27,1654809.419,5599882.794,3722652.31,278341.8375
2015-10-30,1654694.461,5599493.778,3722393.702,279104.4179
2015-10-30,1654579.504,5681991.28,3722135.095,281980.4806
2015-11-01,1654464.547,5741490.042,3721876.488,284280.2832
2015-11-02,1678724.59,5741091.106,3745992.881,286302.784
2015-11-02,1678607.939,5756449.512,3745732.579,287483.8298
2015-11-03,1678491.288,5760801.945,3745472.278,288383.3487
2015-11-04,1682468.783,5760401.584,3745211.977,289266.516
2015-11-04,1691655.148,5769304.523,3744951.676,290526.5123
2015-11-05,1715904.097,5768903.515,3744691.375,291938.8726
2015-11-06,1730732.425,5768502.507,3744431.074,293109.1242
2015-11-06,1730612.11,5768101.499,3766319.083,294469.7088
2015-11-06,1785456.098,5767700.49,3766057.242,296693.5698
2015-11-09,1785331.961,5882773.496,3765795.401,300515.542
2015-11-09,1785207.825,5886420.563,3765533.56,301417.4521
2015-11-10,1817475.447,5886011.244,3797663.478,303924.6915
2015-11-11,1817349.058,5885601.924,3797399.384,304724.4933
2015-11-11,1817222.669,5885192.605,3797135.291,305524.2952
2015-11-11,1817096.28,5884783.286,3796871.198,306324.097
2015-11-12,1816969.891,6005775.196,3796607.104,310366.6695
2015-11-16,1874742.807,6005357.432,3796343.011,312725.6105
2015-11-16,1874612.39,6005231.822,3796955.381,313569.2669
2015-11-17,1874481.973,6057086.575,3796691.226,315789.086
2015-11-18,1874351.556,6069615.533,3796427.072,316954.699
2015-11-19,1893694.039,6069193.211,3796162.917,318298.6929
2015-11-19,1920213.944,6068770.888,3795898.763,319840.2646
2015-11-20,1920080.318,6072262.678,3795634.609,320766.8761
2015-11-25,1930946.583,6082839.975,3795370.454,322187.4686
2015-11-27,1930812.19,6082416.614,3795106.3,323009.3754
2015-11-30,1930677.798,6091726.317,3794842.145,324098.2199
2015-12-01,1930543.406,6091302.279,3794577.991,324920.8042
2015-12-03,1941113.892,6090878.241,3794313.837,326038.5104
2015-12-03,1940978.755,6090454.203,3798915.197,326996.3251
2015-12-03,1940843.617,6093727.699,3798650.704,327922.4596
2015-12-08,1940708.48,6103008.755,3798386.211,329016.0347
2015-12-11,1940573.342,6102583.784,3798121.718,329840.6363
2015-12-14,1940438.205,6102158.813,3797857.225,330665.2379
2015-12-14,1943859.98,6101733.842,3801149.644,331689.0147
2015-12-17,1943724.595,6115583.192,3800884.903,332914.791
2015-12-18,1943589.21,6115157.226,3838722.892,334813.1519
2015-12-21,1943453.824,6114731.261,3838455.497,335641.8973
2015-12-22,1943318.439,6114305.296,3838188.102,336470.6427
2015-12-22,1943183.054,6133327.84,3837920.707,337850.8787
2016-01-03,1952345.84,6132900.52,3846951.483,339209.6377
2016-01-04,1952209.807,6132473.199,3870990.689,340733.7845
2016-01-04,1952073.774,6141768.101,3870720.953,341844.6522
2016-01-04,1951937.741,6152660.094,3881771.206,343326.8991
2016-01-04,1956662.141,6152231.307,3881500.681,344301.8108
2016-01-07,1956525.769,6151802.521,3926380.436,346437.2136
2016-01-07,1956389.398,6151373.734,3985492.983,348989.8251
2016-01-08,1963462.632,6158154.554,3985215.171,350249.9427
2016-01-13,1963325.758,6170407.945,3984937.359,351461.7375
2016-01-14,1963188.884,6169977.772,3984659.547,352306.5974
2016-01-20,1972768.811,6169547.599,3994098.537,353717.853
2016-01-22,1972631.26,6173657.284,3993820.047,354696.7087
2016-01-27,1972493.708,6173226.794,3993541.558,355543.2402
2016-01-27,1972356.156,6219271.762,3993263.068,357754.3138
2016-01-27,1974987.12,6221606.547,3998521.611,358930.0214
2016-01-29,1984077.119,6221172.623,3998242.735,360052.8226
2016-02-01,1983938.731,6220738.699,4056007.953,362620.7172
2016-02-02,1983800.342,6220304.774,4055725.029,363475.9548
2016-02-02,1983661.954,6466109.742,4055442.104,371649.3009
2016-02-04,1983523.565,6465658.639,4064663.046,372804.8505
2016-02-04,1983385.176,6760625.575,4064379.458,382500.0704
2016-02-06,1983246.788,6765008.534,4068950.545,383684.4126
2016-02-08,1983108.399,6766478.215,4068666.619,384637.0475
2016-02-10,1982970.011,6766006.025,4102935.872,386570.8725
2016-02-11,1982831.622,6765533.835,4105561.729,387555.5936
2016-02-15,1982693.233,6781747.359,4105275.188,388956.9996
2016-02-16,2014572.872,6781274.005,4104988.647,390825.256
2016-02-16,2023822.548,6780800.65,4104702.106,392010.9255
2016-02-17,2023681.269,6780327.296,4110238.329,393089.3358
2016-02-17,2023539.99,6779853.942,4109951.381,393990.9168
2016-02-18,2023398.711,6779380.587,4114933.299,395053.632
2016-02-22,2095046.451,6850696.252,4114645.984,400356.8629
2016-02-22,2094900.159,6850217.885,4135891.058,401930.4473
2016-02-22,2094753.867,6863850.378,4135602.239,403278.5152
2016-02-22,2094607.576,6863371.025,4138223.583,404282.8164
2016-02-23,2094461.284,6869706.264,4137934.56,405408.3421
2016-02-24,2094314.992,6876209.85,4144628.952,406756.6558
2016-02-24,2106316.083,6875729.534,4144339.442,408050.3913
2016-02-26,2106168.942,6875249.217,4186962.838,410304.4519
2016-02-26,2106021.802,6874768.901,4201216.062,411678.6854
2016-02-29,2105874.661,6874288.584,4200922.537,412599.6668
2016-03-01,2105727.521,6873808.268,4200629.013,413520.6482
2016-03-01,2105580.38,6900547.006,4200335.488,415297.5747
2016-03-01,2105433.24,6924843.788,4200041.964,417001.4582
2016-03-01,2105286.1,6932434.746,4199748.439,418181.1655
2016-03-01,2112408.776,6934373.503,4199454.915,419413.2557
2016-03-01,2112261.127,6933888.819,4199161.39,420339.1128
2016-03-03,2112113.479,6947941.737,4198867.866,421727.3682
2016-03-03,2111965.83,6947456.037,4199301.171,422677.4123
2016-03-04,2111818.182,7005015.709,4199007.595,425458.9638
2016-03-08,2139673.771,7004525.951,4198714.02,427286.7077
2016-03-15,2139524.165,7004036.192,4198420.445,428219.6481
2016-03-15,2139374.558,7003546.434,4198126.869,429152.5886
2016-03-15,2139224.952,7020434.417,4197833.294,430645.7876
2016-03-16,2216571.28,7019943.443,4197539.719,434084.0084
2016-03-16,2216416.253,7044068.3,4197246.144,435820.7535
2016-03-16,2216261.227,7048612.135,4196952.568,436925.5198
2016-03-17,2216106.2,7171166.496,4196658.993,441869.7611
2016-03-17,2215951.173,7248326.97,4196365.418,445351.8889
2016-03-22,2215796.147,7247819.881,4196071.842,446307.5796
2016-03-23,2222575.064,7247312.793,4202712.211,447717.3826
2016-03-24,2222419.552,7246805.704,4219999.179,449251.0153
2016-03-24,2222264.04,7252301.19,4219703.888,450406.3321
2016-03-28,2222108.528,7251793.681,4219408.597,451364.6434
2016-03-31,2221953.017,7268879.966,4236707.101,453485.3667
2016-04-01,2221797.505,7270258.736,4236410.579,454508.6306
2016-04-05,2248569.07,7323604.019,4263041.134,459043.2271
2016-04-05,2248411.674,7323091.376,4270001.365,460253.0345
2016-04-05,2296641.811,7322578.734,4269702.45,462834.4543
2016-04-05,2296481.027,7322066.092,4269403.535,463806.7956
2016-04-11,2333367.808,7321553.45,4269104.62,466019.0709
2016-04-11,2333204.43,7401308.543,4268805.705,469686.2718
2016-04-11,2333041.052,7793868.652,4268506.79,483879.546
2016-04-12,2338655.542,7799100.73,4268207.875,485276.893
2016-04-15,2446389.328,7798554.537,4267908.96,489928.2155
2016-04-15,2460944.772,7812735.126,4267610.045,491941.097
2016-04-18,2460772.4,7812187.901,4285447.26,493574.4788
2016-04-18,2460600.029,7828952.498,4285147.074,495182.4383
2016-04-18,2460427.658,7834772.992,4291215.82,496637.1307
2016-04-20,2468329.782,7842298.603,4290915.188,498210.0273
2016-04-21,2468156.845,7841749.153,4306768.218,499785.3851
2016-04-21,2476204.033,7849419.828,4314686.579,501654.5305
2016-04-22,2476030.52,7851286.807,4314384.24,502763.4035
2016-04-27,2475857.007,7850736.612,4314081.9,503789.4512
2016-04-29,2475683.494,7850186.417,4313779.561,504815.499
2016-04-29,2475509.981,7896032.969,4313477.221,507444.7988
2016-04-29,2485001.779,7895479.522,4322840.193,509143.4753
2016-04-29,2484827.589,7896375.77,4322537.176,510224.435
2016-04-29,2494921.352,7895822.221,4322234.159,511612.2375
2016-05-03,2494746.442,7895268.672,4356385.564,513844.292
2016-05-03,2494571.532,7922833.294,4356080.132,515860.0132
2016-05-03,2494396.621,7929995.235,4363492.161,517435.9529
2016-05-06,2494221.711,7953549.78,4363186.187,519318.2917
2016-05-06,2494046.8,7952992.028,4362880.213,520356.9283
2016-05-09,2515476.238,7952434.276,4362574.239,522156.2173
2016-05-09,2518378.687,7961113.147,4362268.266,523630.8711
2016-05-09,2532689.85,7960554.746,4361962.292,525184.0819
2016-05-10,2726303.895,7959996.346,4361656.318,533091.4109
2016-05-10,2755591.624,7959437.946,4361350.344,535193.5061
2016-05-11,2755398.303,7973817.192,4375982.017,537313.9085
2016-05-11,2755204.983,7973257.743,4375674.995,538373.6993
2016-05-12,2755011.662,7972698.295,4375367.973,539433.49
2016-05-13,2798405.674,7972138.847,4375060.951,542053.2485
2016-05-16,2801458.762,7974828.865,4378003.396,543465.6967
2016-05-16,2883958.666,7974269.189,4377696.147,547500.9186
2016-05-16,2892298.663,7973709.513,4377388.897,548877.8478
2016-05-16,2900647.113,7973149.836,4377081.647,550256.3244
2016-05-17,2900443.501,7972590.16,4403363.133,552288.1256
2016-05-18,2900239.89,7972030.483,4403054.017,553360.5297
2016-05-18,2900036.279,7971470.807,4402744.901,554432.9339
2016-05-18,2899832.667,7970911.131,4402435.784,555505.338
2016-05-19,2899629.056,7981707.32,4402126.668,556991.5961
2016-05-19,2899425.445,7981146.846,4416289.096,558593.2529
2016-05-20,2899221.833,8044323.262,4415978.963,561999.5811
2016-05-20,2899018.222,8053404.654,4415668.831,563431.9336
2016-05-23,2898814.611,8110206.613,4415358.698,566618.7187
2016-05-23,2946835.931,8109636.956,4415048.566,569477.1875
2016-05-24,2946628.933,8109067.299,4424382.742,570919.6671
2016-05-25,2946421.934,8163321.686,4424071.932,574033.0884
2016-05-25,2958750.775,8175284.018,4423761.121,576052.7258
2016-05-25,2961001.676,8174709.628,4423450.311,577237.0245
2016-05-26,2971399.382,8174135.239,4423139.501,578724.5177
2016-05-26,2971190.585,8173560.85,4422828.691,579818.5149
2016-05-26,2970981.787,8177083.564,4422517.881,581065.4084
2016-05-26,2970772.989,8189618.697,4422207.071,582649.8832
2016-05-27,2970564.192,8223924.309,4421896.26,585051.8787
2016-05-30,2970355.394,8296554.257,4421585.45,588897.5386
2016-05-30,2983883.455,8309707.92,4421274.64,591033.6252
2016-05-30,3004768.77,8330218.836,4420963.83,593728.2037
2016-05-30,3004557.524,8380756.974,4420653.02,596766.1223
2016-05-31,3004346.278,8380167.734,4444334.608,598785.0202
2016-05-31,3004135.031,8450174.217,4444022.111,602573.701
2016-05-31,3003923.785,8449580.013,4443709.614,603691.6485
2016-05-31,3003712.538,8448985.809,4443397.116,604809.596
2016-06-01,3003501.292,8448391.605,4443084.619,605927.5435
2016-06-02,3003290.046,8447797.401,4453608.25,607459.363
2016-06-08,3003078.799,8447203.197,4491724.422,610048.6418
2016-06-08,3053583.129,8497324.569,4491408.459,615058.903
2016-06-08,3062281.398,8496726.797,4500005.58,616872.205
2016-06-08,3062065.957,8518337.32,4499688.99,618856.7136
2016-06-09,3061850.515,8528711.845,4499372.4,620411.2193
2016-06-10,3061635.074,8528111.738,4499055.811,621543.3566
2016-06-14,3061419.633,8527511.632,4498739.221,622675.4938
2016-06-15,3086396.383,8552103.717,4498422.631,625761.4487
2016-06-16,3086179.169,8551501.838,4498106.042,626897.1319
2016-06-16,3093411.967,8550899.958,4497789.452,628322.8029
2016-06-16,3093194.228,8573243.271,4497472.862,630353.8181
2016-06-17,3092976.49,8575238.252,4497156.273,631593.1653
2016-06-17,3112005.364,8574634.575,4496839.683,633484.5585
2016-06-17,3124596.394,8574030.897,4509333.218,635628.6703
2016-06-20,3143860.85,8592911.671,4509015.726,638300.9324
2016-06-20,3143639.483,8592306.622,4508698.235,639444.8409
2016-06-21,3165641.692,8613925.15,4508380.743,642341.5949
2016-06-22,3185567.901,8633467.676,4508063.251,645080.8115
2016-06-23,3185343.549,8632859.643,4556064.17,648143.2778
2016-06-23,3242830.58,8632251.609,4555743.276,651585.1755
2016-06-30,3351693.037,8631643.576,4555422.381,657076.6464
2016-07-01,3351456.936,8631035.542,4555101.486,658241.6759
2016-07-01,3358252.923,8630427.509,4554780.591,659687.117
2016-07-04,3358016.327,8629819.475,4636886.794,664145.5444
2016-07-04,3357779.73,8629211.442,4636560.092,665316.8769
2016-07-05,3357543.133,8628603.408,4702664.768,669151.8311
2016-07-05,3357306.537,8627995.375,4711774.156,670707.0725
2016-07-06,3364054.129,8634371.53,4711442.107,672445.8732
2016-07-06,3370800.737,8640746.702,4711110.059,674186.6428
2016-07-08,3370563.156,8640137.684,4710778.01,675365.2908
2016-07-11,3370325.575,8734231.749,4710445.961,680375.8554
2016-07-11,3370087.994,8733616.055,4767902.41,683903.6809
2016-07-12,3369850.413,8733000.361,4767566.287,685093.0786
2016-07-14,3369612.832,8732384.668,4848436.488,689586.1532
2016-07-18,3369375.251,8731768.974,4848094.639,690781.2765
2016-07-20,3369137.669,8731153.28,4847752.791,691976.3998
2016-07-22,3368900.088,8837858.859,4847410.942,697561.2508
2016-07-25,3368662.507,8837235.596,4847069.094,698763.9426
2016-07-26,3384274.316,8836612.334,4846727.245,700617.2441
2016-07-27,3403197.619,8835989.072,4846385.397,702609.0518
2016-07-28,3419153.361,8835365.81,4846043.548,704481.4213
2016-07-28,3435847.778,8851678.157,4862637.31,707784.5149
2016-07-28,3435605.39,8851053.7,4862294.267,708994.4029
2016-07-28,3462669.072,8850429.243,4861951.224,711335.2205
2016-07-29,3462424.758,8859454.421,4861608.18,712947.401
2016-08-01,3528763.021,8858829.283,4861265.137,716927.3187
2016-08-01,3550229.821,8879919.958,4860922.094,719952.8867
2016-08-02,3549979.276,8905298.586,4886584.35,723342.5483
2016-08-02,3549728.73,9043147.882,4886239.471,730352.6766
2016-08-04,3549478.185,9042509.602,4885894.593,731586.3804
2016-08-05,3566431.699,9041871.322,4885549.714,733541.4743
2016-08-05,3566179.939,9062358.662,4885204.835,735663.773
2016-08-08,3565928.179,9061718.891,4884859.957,736900.1827
2016-08-08,3593983.228,9089385.929,4884515.078,740522.9746
2016-08-08,3593729.47,9110620.419,4884170.2,742687.1214
2016-08-09,3593475.711,9204803.996,4883825.321,747940.1816
2016-08-09,3593221.953,9214144.652,4883480.443,749612.163
2016-08-09,3592968.194,9213493.935,4883135.564,750861.5166
2016-08-10,3592714.435,9221563.242,4882790.685,752481.6467
2016-08-10,3592460.677,9220911.91,4920811.661,755365.7626
2016-08-12,3653902.526,9220260.578,4920464.072,759250.8346
2016-08-12,3682414.734,9219609.245,4920116.483,761737.5472
2016-08-16,3682154.585,9283686.572,4919768.895,765767.9589
2016-08-17,3716893.385,9283030.666,4919421.306,768532.6526
2016-08-17,3716630.763,9282374.761,4919073.718,769798.769
2016-08-17,3716368.14,9321842.117,4918726.129,772791.6232
2016-08-18,3716105.518,9347383.885,4918378.54,775190.0668
2016-08-18,3715842.896,9346723.292,4918030.952,776460.8702
2016-08-18,3715580.274,9356990.017,4917683.363,778204.3565
2016-08-26,3734487.028,9356328.652,4917335.775,780306.5556
2016-08-26,3755978.755,9355667.287,4938743.891,783468.0771
2016-08-29,3755713.24,9355005.922,4962573.514,785795.3338
2016-08-29,3755447.725,9355063.256,4964378.776,787198.253
2016-09-01,3755182.209,9354401.841,4964027.788,788476.1722
2016-09-09,3760857.101,9353740.425,4963676.799,790013.685
2016-09-09,3760591.165,9392630.122,4963325.811,793023.3119
2016-09-12,3779769.474,9411410.153,4962974.823,796009.601
2016-09-14,3801494.247,9410744.565,4962623.834,798259.4033
2016-09-15,3823117.251,9410078.977,4962272.846,800507.976
2016-09-16,3828694.153,9409413.39,4961921.858,802052.6502
2016-09-16,3845704.968,9426029.445,4961570.869,804865.768
2016-09-19,3845432.917,9441882.198,4961219.881,806886.0539
2016-09-20,3845160.867,9450646.461,4960868.893,808594.8291
2016-09-20,3844888.816,9462734.858,4960517.904,810452.4708
2016-09-20,3844616.766,9593419.885,4960166.916,817582.2134
2016-09-20,3869476.067,9592741.041,4959815.928,820002.7443
2016-09-20,3889964.531,9592062.197,4959464.939,822232.1126
2016-09-21,3895493.993,9591383.353,4959113.951,823796.483
2016-09-22,3895218.283,9590704.51,4958762.963,825102.0242
2016-09-23,3894942.574,9603054.856,4958411.974,826991.3749
2016-09-27,3894666.865,9614338.166,4970024.062,829371.6866
2016-09-30,3894391.156,9620356.401,4969672.227,830980.9956
2016-09-30,3917440.142,9619675.314,4969320.392,833339.932
2016-09-30,3926731.21,9618994.227,4968968.556,835081.7867
2016-10-04,3926453.172,9618313.14,4968616.721,836392.7471
2016-10-04,3926175.134,9617632.053,4987399.032,838569.5612
2016-10-04,3925897.096,9616950.966,4987045.842,839881.8766
2016-10-05,4042875.631,9616269.878,4986692.652,846517.6189
2016-10-05,4042589.288,9628932.023,4986339.462,848445.0075
2016-10-07,4042302.945,9647043.964,4985986.271,850622.5994
2016-10-10,4042016.602,9646360.601,4993279.248,852294.3294
2016-10-12,4041730.259,9671222.901,4992925.516,854785.1042
2016-10-13,4138303.498,9702824.258,4992571.784,862021.3903
2016-10-14,4152185.443,9702136.797,4992218.052,864005.638
2016-10-17,4153803.428,9701449.336,4991864.32,865428.8457
2016-10-17,4185990.196,9733242.987,4991510.589,869752.1584
2016-10-18,4226834.332,9732553.225,4991156.857,872987.5172
2016-10-21,4226534.768,9731863.462,5000123.094,874760.6054
2016-10-24,4388677.929,9731173.699,4999768.702,883611.6002
2016-10-24,4388366.852,9754677.059,4999414.309,886086.71
2016-10-24,4418010.955,9783940.762,4999059.917,890221.2965
2016-10-25,4417697.754,9792661.005,4998705.524,892019.6459
2016-10-28,4417384.553,9791966.737,4998351.132,893381.508
2016-10-31,4417071.353,9808152.115,4997996.74,895529.7225
2016-10-31,4419027.274,9809725.772,4997642.347,897104.5362
2016-11-01,4418713.913,9809030.146,5019738.734,899517.1378
2016-11-03,4418400.551,9808334.519,5069516.952,903228.818
2016-11-03,4418087.189,9813191.568,5069157.412,904857.6713
2016-11-04,4417773.827,9818226.442,5068797.871,906495.6993
2016-11-04,4417460.466,9817530.015,5068438.331,907865.0282
2016-11-04,4431472.307,9816833.588,5068078.791,909909.1538
2016-11-04,4431157.929,9884151.81,5067719.251,914488.4199
2016-11-05,4438667.822,9883450.558,5067359.711,916233.3197
2016-11-07,4438352.889,9882749.306,5088531.143,918628.0732
2016-11-07,4438037.956,9912361.129,5088170.075,921442.2508
2016-11-08,4437723.022,9911657.726,5107807.057,923771.1051
2016-11-09,4459474.786,9910954.322,5107444.57,926201.2324
2016-11-11,4459158.286,9918984.953,5107082.083,927999.5877
2016-11-11,4458841.787,9944751.289,5106719.595,930645.2382
2016-11-14,4458525.288,10004596.58,5106357.108,934922.9326
2016-11-15,4465671.696,10011349.29,5105994.621,937026.304
2016-11-18,4465354.667,10023005.88,5105632.134,939009.2337
2016-11-18,4465037.638,10027065.27,5105269.647,940629.3558
2016-11-24,4464720.609,10116757.4,5104907.159,946366.7373
2016-11-25,4464403.58,10120690.1,5104544.672,947988.5532
2016-11-28,4464086.551,10119971.41,5104182.185,949386.7664
2016-11-28,4463769.522,10120113.4,5103819.698,950826.5471
2016-11-29,4463452.493,10128659.5,5103457.211,952672.9619
2016-11-30,4463135.464,10135932.88,5103094.723,954459.1003
2016-12-01,4469570.817,10135212.9,5102732.236,956186.2183
2016-12-05,4469253.308,10189502.8,5102369.749,960259.3128
2016-12-06,4468935.799,10190590.73,5102007.262,961751.3781
2016-12-07,4468618.291,10189866.71,5253312.149,970548.0208
2016-12-08,4492137.164,10212979.07,5252938.885,974290.0496
2016-12-09,4491817.961,10230665.87,5252565.621,976608.4441
2016-12-09,4491498.759,10299621.76,5252192.358,981440.0236
2016-12-09,4720367.34,10298889.78,5251819.094,994103.951
2016-12-12,4725527.432,10298157.81,5256941.414,996084.5134
2016-12-13,4725191.55,10297425.83,5256567.76,997526.025
2016-12-16,4784805.295,10296693.86,5256194.106,1001920.909
2016-12-19,4819119.354,10295961.88,5255820.452,1005076.48
2016-12-19,4859966.422,10295229.91,5255446.798,1008560.041
2016-12-20,4859620.886,10430754.84,5255073.143,1016754.296
2016-12-20,4894528.128,10430013.18,5254699.489,1019962.372
2016-12-21,4894180.085,10429271.52,5263757.664,1021893.903
2016-12-21,4897642.611,10428529.85,5267193.908,1023736.796
2016-12-21,4913623.301,10427788.19,5266819.312,1026014.336
2016-12-23,4913273.826,10427046.53,5266444.716,1027480.071
2017-01-04,4912924.35,10426304.86,5266070.12,1028945.805
2017-01-09,4912574.875,10487098.77,5265695.524,1033488.975
2017-01-09,4912225.4,10496995.14,5265320.928,1035492.117
2017-01-10,4911875.924,10496248.35,5281158.146,1037776.172
2017-01-13,4922890.146,10499289.44,5280782.397,1040009.333
2017-01-16,4922539.862,10505536.51,5280406.648,1041834.305
2017-01-18,4926169.102,10508768.46,5280030.898,1043708.915
2017-01-19,4928626.831,10510828.91,5279655.149,1045466.488
2017-01-19,4931631.501,10510080.86,5279279.399,1047110.616
2017-01-23,4937487.374,10509332.81,5278903.65,1048899.541
2017-01-23,4937135.927,10529261.79,5278527.901,1051422.767
2017-01-25,4936784.479,10528512.27,5288620.783,1053430.853
2017-01-30,4936433.031,10527762.74,5288244.288,1054908.316
2017-01-30,4936081.584,10527013.22,5294719.013,1056734.559
2017-01-31,4935730.136,10526263.7,5294342.03,1058212.509
2017-01-31,4935378.689,10543467.53,5293965.048,1060607.112
2017-02-01,4935027.241,10542716.73,5293588.065,1062086.341
2017-02-01,4946138.805,10553428.95,5293211.083,1064739.547
2017-02-01,4969804.834,10552677.33,5292834.1,1067452.116
2017-02-02,4969450.859,10551925.71,5292457.118,1068934.688
2017-02-02,4969096.884,10551174.1,5353533.002,1073577.894
2017-02-03,4976762.83,10550422.48,5361171.562,1075891.004
2017-02-06,4976408.284,10565866.47,5360789.631,1078214.492
2017-02-06,4976053.738,10565113.7,5405097.193,1082012.245
2017-02-08,4975699.192,10583377.2,5404712.077,1084488.416
2017-02-09,4975344.645,10618561.24,5404326.962,1087844.031
2017-02-10,4978531.373,10617804.56,5403941.846,1089524.104
2017-02-13,4981028.404,10617047.87,5403556.731,1091168.873
2017-02-14,5000160.464,10616291.19,5403171.615,1093679.614
2017-02-15,4999804.073,10615534.5,5402786.5,1095177.805
2017-02-15,5022021.5,10622302.42,5402401.384,1098246.573
2017-02-15,5021663.501,10621545.2,5402016.268,1099746.91
2017-02-16,5033760.095,10620787.98,5401631.153,1101899.013
2017-02-16,5063528.351,10620030.76,5401246.037,1104979.093
2017-02-16,5067389.717,10619273.54,5405083.324,1106925.662
2017-02-16,5078880.476,10618516.32,5404697.907,1109052.542
2017-02-22,5078518.294,10617759.09,5404312.491,1110557.362
2017-02-24,5078156.111,10624040.87,5403927.074,1112433.184
2017-03-01,5077793.929,10623283.15,5403541.657,1113938.507
2017-03-01,5077431.747,10622525.42,5446751.911,1117748.158
2017-03-03,5077069.565,10622717.43,5446363.385,1119306.861
2017-03-03,5077170.409,10621959.64,5445974.858,1120839.905
2017-03-06,5076808.194,10677742.54,5445586.332,1125349.742
2017-03-06,5076445.979,10676980.72,5445197.806,1126862.308
2017-03-07,5076083.763,10676218.89,5444809.279,1128374.875
2017-03-08,5084258.94,10683994.46,5452958.144,1131252.767
2017-03-09,5083896.116,10706917.62,5452569.009,1134031.565
2017-03-09,5094781.011,10706153.5,5452179.873,1136148.931
2017-03-10,5129210.782,10705389.37,5451790.737,1139528.42
2017-03-13,5128844.671,10709370.84,5451401.602,1141302.195
2017-03-15,5163970.239,10744098.06,5451012.466,1146632.548
2017-03-16,5163601.595,10861380.46,5450623.33,1154503.524
2017-03-16,5163232.95,10860605.04,5454148.473,1156247.45
2017-03-17,5206318.111,10903283.42,5453759.058,1162466.065
2017-03-17,5205946.364,10902504.89,5454385.958,1164060.621
2017-03-20,5205574.617,10935880.02,5453996.47,1167446.725
2017-03-21,5205202.87,10942688.21,5453606.982,1169399.767
2017-03-22,5445755.939,10941906.7,5453217.494,1184003.144
2017-03-23,5459824.203,10955582.41,5467285.226,1187917.557
2017-03-24,5473186.621,10968552.28,5466894.706,1190975.796
2017-03-27,5484531.779,10967768.75,5466504.186,1193179.682
2017-03-27,5484139.971,10969147.37,5468275.803,1194981.259
2017-03-28,5485082.135,10971031.63,5467885.129,1196765.873
2017-03-30,5484690.232,10979729.47,5476976.161,1199368.906
2017-03-30,5579495.452,10978944.93,5476584.809,1206147.584
2017-03-31,5579096.746,11011116.45,5476193.456,1209528.615
2017-04-03,5578698.04,11015012.51,5475802.104,1211362.616
2017-04-03,5622732.133,11014225.27,5475410.752,1215382.111
2017-04-04,5643976.838,11013438.04,5475019.399,1218153.995
2017-04-04,5643573.408,11030907.11,5492884.355,1221748.396
2017-04-05,5643169.979,11071368.95,5492491.698,1225609.64
2017-04-06,5662252.165,11090063.08,5492099.041,1229350.986
2017-04-06,5669176.253,11089270.19,5499035.294,1231752.529
2017-04-07,5668770.907,11088477.31,5498642.112,1233343.94
2017-04-07,5677839.815,11097158.68,5498248.931,1235986.842
2017-04-10,5677433.791,11096365.12,5497855.749,1237579.609
2017-04-10,5677027.767,11112367.01,5497462.568,1240106.924
2017-04-12,5676621.743,11111572.25,5497069.386,1241700.892
2017-04-13,5676215.719,11110777.49,5496676.205,1243294.86
2017-04-13,5675809.695,11117503.54,5496283.024,1245309.012
2017-04-13,5675403.671,11116708.24,5495889.842,1246903.518
2017-04-13,5707419.363,11115912.94,5495496.661,1250314.308
2017-04-18,5707011.019,11203359.13,5495103.479,1256861.142
2017-04-18,5706602.675,11202557.52,5494710.298,1258464.281
2017-04-19,5707717.649,11201755.9,5495840.434,1260238.786
2017-04-21,5707309.197,11200954.29,5495447.144,1261842.143
2017-04-21,5706900.744,11246300.03,5495053.853,1266048.142
2017-04-21,5706492.291,11245495.11,5678704.824,1278048.541
2017-04-21,5721653.858,11275830.24,5678298.36,1282309.817
2017-04-25,5721244.291,11275023.09,5677891.897,1283932.994
2017-04-26,5720834.723,11274215.94,5677485.433,1285556.171
2017-04-26,5727285.167,11287128.82,5683938.98,1288737.302
2017-04-26,5733198.13,11311612.78,5702501.09,1293238.273
2017-04-27,5769119.327,11310802.84,5702092.776,1296935.33
2017-04-28,5834931.146,11309992.9,5701684.463,1302341.763
2017-04-28,5907850.004,11309182.96,5701276.15,1308163.888
2017-05-01,5907426.896,11308373.02,5703705.642,1309967.443
2017-05-02,5907003.789,11318027.21,5703297.126,1312207.877
2017-05-03,5906580.681,11317216.52,5702888.609,1313850.19
2017-05-03,5906157.574,11339728.52,5702480.093,1316830.813
2017-05-03,5905734.466,11357380.25,5702071.576,1319535.708
2017-05-03,5907438.95,11356566.57,5701663.06,1321303.422
2017-05-04,5933427.307,11355752.88,5701254.544,1324470.445
2017-05-08,5933002.154,11354939.2,5700846.027,1326117.796
2017-05-08,5932577.002,11354125.52,5700437.511,1327765.147
2017-05-09,5939241.788,11353311.84,5700028.995,1329822.56
2017-05-09,5955358.133,11385582.17,5716162.484,1335302.397
2017-05-09,5954931.287,11390437.25,5715752.782,1337283.861
2017-05-11,5982569.837,11389620.79,5715343.08,1340566.473
2017-05-11,6011106.89,11388804.33,5714933.378,1343905.582
2017-05-11,6045562.966,11387987.87,5714523.676,1347593.67
2017-05-12,6074575.559,11416617.44,5714113.974,1352686.21
2017-05-12,6074140.012,11546531.28,5713704.272,1361980.619
2017-05-12,6073704.464,11550415.22,5713294.57,1363929.195
2017-05-15,6152625.015,11549586.94,5712884.867,1370246.63
2017-05-15,6173398.675,11569973.55,5712475.165,1374412.058
2017-05-15,6178900.969,11581033.86,5718010.517,1377489.549
2017-05-15,6179520.359,11580203.21,5717954.581,1379256.754
2017-05-17,6189465.986,11579372.55,5721007.393,1381755.643
2017-05-18,6189021.978,11598373.8,5720596.991,1384608.8
2017-05-18,6206145.894,11597541.72,5720186.589,1387331.367
2017-05-22,6222299.914,11613308.93,5719776.187,1390979.542
2017-05-23,6262996.049,11653618.25,5719365.784,1397534.988
2017-05-23,6262546.637,11682304.21,5718955.382,1400978.84
2017-05-23,6271266.195,11690634.84,5718544.98,1403764.059
2017-05-24,6274356.013,11693335.72,5718134.578,1405883.755
2017-05-25,6297371.105,11715961.88,5717724.175,1410372.906
2017-05-25,6296919.097,11729844.77,5717313.773,1412952.434
2017-05-26,6296467.089,11729002.77,5782504.261,1418565.579
2017-05-26,6296015.082,11761361.06,5782089.15,1422255.413
2017-05-29,6319153.86,11760516.68,5781674.038,1425376.126
2017-05-31,6362085.217,11759672.3,5781258.927,1429684.26
2017-05-31,6393825.199,11791024.72,5780843.815,1435256.97
2017-05-31,6393366.07,11790178.02,5780428.704,1436977.902
2017-06-02,6392906.941,11789331.33,5781625.559,1438795.617
2017-06-05,6407393.342,11803430.17,5781210.332,1442313.605
2017-06-06,6406933.14,11802582.41,5809091.852,1445740.052
2017-06-06,6406472.938,11801734.64,5808674.593,1447465.278
2017-06-07,6406012.736,11800886.88,5813915.869,1449531.969
2017-06-07,6410715.578,11800039.11,5818661.247,1451881.515
2017-06-07,6410255.005,11800945.24,5818243.209,1453713.995
2017-06-08,6409794.432,11800097.35,5817825.172,1455440.497
2017-06-08,6409333.859,11799249.46,5817407.135,1457166.998
2017-06-08,6414729.653,11798401.57,5816989.097,1459249.132
2017-06-13,6417568.049,11800853.07,5816571.06,1461377.273
2017-06-13,6417106.818,11800004.94,5816153.023,1463104.67
2017-06-14,6416645.587,11815946.41,5815734.985,1465855.469
2017-06-14,6416184.356,11815097.07,5855353.485,1470027.535
2017-06-15,6415723.125,11814247.74,5854932.569,1471759.016
2017-06-15,6425562.658,11813398.4,5854511.654,1474120.733
2017-06-20,6437293.508,11816613.34,5854090.739,1476848.86
2017-06-21,6436830.66,11815763.72,5857796.697,1478835.377
2017-06-23,6446938.633,11814914.09,5862660.896,1481542.833
2017-06-23,6446475.024,11814064.46,5972108.587,1490033.377
2017-06-26,6446011.416,11834786.76,5971679.094,1493104.182
2017-06-26,6473805.938,11833935.58,5971249.6,1496590.332
2017-06-26,6473340.297,11833084.4,5998864.283,1500067.468
2017-06-26,6472874.656,11832233.22,6023861.431,1503387.14
2017-06-26,6519196.311,11831382.04,6023428.091,1508032.054
2017-06-26,6525496.004,11830530.87,6022994.75,1510204.879
2017-06-26,6546593.833,11829679.69,6022561.41,1513296.569
2017-06-26,6546122.788,11999186.59,6022128.07,1525631.324
2017-06-26,6545651.742,11998323.15,6046831.803,1528962.074
2017-06-27,6545180.696,11998777.67,6046396.654,1530813.752
2017-06-28,6550357.618,11997914.14,6045961.505,1532935.512
2017-06-28,6562715.118,11997050.6,6058355.308,1536306.84
2017-06-28,6562242.743,11996187.07,6057919.236,1538078.821
2017-06-28,6563835.712,12001519.56,6057483.163,1540367.62
2017-06-29,6563363.188,12000655.59,6057047.091,1542140.195
2017-06-29,6577118.043,11999791.61,6056611.018,1544804.99
2017-06-30,6576644.494,11998927.63,6056174.946,1546578.589
2017-07-03,6590283.75,11998063.65,6055738.873,1549239.384
2017-07-05,6606240.435,11997199.67,6071734.05,1553082.401
2017-07-06,6605764.686,11997605.67,6071296.794,1554939.413
2017-07-06,6605288.938,12015560.25,6070859.538,1557903.835
2017-07-06,6604813.19,12014694.82,6072773.739,1559830.807
2017-07-09,6604337.442,12013829.4,6072336.314,1561609.406
2017-07-10,6608058.909,12012963.97,6071898.889,1563653.788
2017-07-10,6607582.858,12020091.77,6071461.464,1565939.464
2017-07-12,6607106.808,12019225.77,6071024.039,1567718.941
2017-07-13,6606630.757,12018359.77,6070586.613,1569498.418
2017-07-13,6610855.587,12017493.77,6070149.188,1571577.014
2017-07-13,6616062.153,12016627.77,6069711.763,1573718.874
2017-07-13,6615585.354,12015761.77,6069274.338,1575499.099
2017-07-14,6622393.345,12014895.77,6076121.703,1578209.744
2017-07-17,6659488.73,12014029.77,6075683.752,1582393.31
2017-07-18,6686114.463,12013163.77,6075245.802,1585912.438
2017-07-19,6685632.477,12012297.77,6087194.016,1588492.212
2017-07-19,6716752.665,12043033.94,6086755.173,1594334.692
2017-07-19,6716268.4,12049663.94,6086316.33,1596607.799
2017-07-20,6715784.136,12048795.12,6085877.486,1598399.727
2017-07-20,6738330.271,12047926.3,6108469.043,1603157.855
2017-07-20,6768646.405,12077859.54,6108028.539,1608924.984
2017-07-20,6768158.258,12076988.5,6107588.035,1610724.677
2017-07-20,6767670.111,12076483.79,6107147.531,1612548.044
2017-07-21,6783618.448,12092049.21,6106707.027,1616474.796
2017-07-21,6804472.801,12091176.96,6106266.523,1619659.56
2017-07-24,6826858.213,12090304.7,6105826.019,1622946.905
2017-07-25,6826365.691,12090371.47,6105385.515,1624813.161
2017-07-26,6825873.168,12089499.15,6104945.011,1626618.509
2017-07-26,6825380.645,12088626.83,6132107.84,1630220.524
2017-07-31,6824888.122,12111430.72,6139557.413,1634085.03
2017-08-03,6824395.6,12119080.58,6139114.348,1636450.767
2017-08-04,6823903.077,12118205.93,6192866.297,1641800.985
2017-08-07,6823410.554,12132642.71,6192419.32,1644616.44
2017-08-08,6822918.031,12216152,6191972.343,1651956.647
2017-08-08,6860046.921,12252891.57,6191525.366,1658710.163
2017-08-08,6913334.693,12252007.01,6244861.4,1667596.175
2017-08-11,6912835.571,12251122.45,6244410.54,1669430.714
2017-08-11,6912336.45,12271437.04,6243959.68,1672659.753
2017-08-14,6930601.556,12270550.95,6243508.82,1675731.595
2017-08-17,6930101.079,12291265.62,6243057.96,1678993.263
2017-08-18,6929600.602,12291081.53,6242607.1,1680878.691
2017-08-18,6929100.125,12297228.89,6242156.24,1683182.666
2017-08-20,6928599.649,12319231.4,6249335.619,1687041.655
2017-08-22,6928099.172,12318341.54,6248884.208,1688883.403
2017-08-22,6927598.695,12317451.68,6317830.358,1695327.591
2017-08-23,6927098.219,12316561.82,6330502.253,1698046.033
2017-08-23,6926597.742,12315671.95,6330044.88,1699893.744
2017-08-23,6926870.786,12314782.09,6329587.507,1701792.933
2017-08-24,6926370.254,12313892.23,6336724.158,1704146.675
2017-08-28,6948884.252,12313002.37,6336266.236,1707530.179
2017-08-28,7129183.189,12312112.51,6335808.314,1721454.475
2017-08-28,7128667.926,12311222.65,6335350.392,1723317.521
2017-08-29,7128152.663,12310332.79,6334892.47,1725180.567
2017-08-30,7127637.399,12317666.82,6334434.548,1727594.725
2017-08-30,7139066.996,12316776.36,6337958.246,1730526.886
2017-08-30,7138550.869,12331394.24,6353008.373,1734475.005
2017-08-30,7223009.598,12330502.67,6352549.042,1742056.183
2017-08-30,7227171.947,12329611.09,6356774.331,1744560.121
2017-08-31,7226649.337,12328719.51,6356314.661,1746433.977
2017-09-04,7232889.405,12327827.94,6362617.669,1749220.479
2017-09-04,7232366.306,12326936.36,6414567.042,1754635.781
2017-09-05,7231843.207,12351659.2,6414103.093,1758246.737
2017-09-06,7231320.108,12366215.92,6413639.143,1761173.319
2017-09-06,7230797.009,12373820.69,6413175.193,1763631.046
2017-09-07,7230273.91,12372925.53,6429655.368,1766663.132
2017-09-08,7229750.811,12447108.55,6504268.374,1778748.205
2017-09-08,7247240.528,12446207.96,6503797.766,1781867.69
2017-09-08,7246716.125,12445307.36,6503327.158,1783763.294
2017-09-11,7257425.869,12444406.77,6502856.551,1786424.751
2017-09-11,7256900.654,12443506.17,6502385.943,1788321.168
2017-09-13,7256375.438,12442605.58,6639551.151,1799621.77
2017-09-14,7268164.021,12454018.78,6651384.38,1804055.084
2017-09-15,7278020.876,12453117.3,6650902.918,1806675.176
2017-09-18,7277494.018,12452215.81,6668108.835,1809797.602
2017-09-18,7276967.16,12455057.42,6667626.094,1811965.598
2017-09-19,7276440.301,12454155.66,6716443.074,1817264.503
2017-09-25,7275913.443,12473407.52,6715956.763,1820565.811
2017-09-25,7447318.926,12644436.65,6715470.451,1846163.513
2017-09-26,7446779.617,12647075.89,6714984.14,1848349.894
2017-10-02,7446240.308,12646159.96,6714497.829,1850291.438
2017-10-03,7445700.999,12654024.32,6714011.518,1852839.703
2017-10-04,7454210.699,12653107.76,6713525.207,1855407.874
2017-10-05,7453670.734,12652191.2,6725664.506,1858225.1
2017-10-09,7453130.77,12651274.64,6759965.329,1862580.801
2017-10-11,7452590.805,12660129.82,6759475.582,1865205.33
2017-10-11,7452050.841,12659212.55,6758985.836,1867152.309
2017-10-12,7451510.876,12704949.76,6758496.09,1872344.816
2017-10-12,7473566.391,12704029.11,6758006.344,1875868.786
2017-10-13,7485588.821,12715672.49,6757516.598,1879572.717
2017-10-13,7499067.65,12714750.93,6757026.852,1882505.194
2017-10-16,7498524.121,12713829.38,6802360.202,1887661.931
2017-10-16,7571445.341,12712907.82,6801867.135,1894759.158
2017-10-16,7570896.487,12711986.26,6899610.524,1903602.182
2017-10-17,7570347.633,12711064.7,6899110.335,1905572.785
2017-10-18,7569798.778,12716888.7,6898610.145,1908016.828
2017-10-18,7583211.658,12729928.38,6898109.956,1911949.913
2017-10-20,7616775.224,12729005.32,6897609.767,1916322.596
2017-10-20,7627783.783,12739643.16,6897109.578,1919926.388
2017-10-23,7627230.604,12738719.26,6898617.803,1922045.24
2017-10-23,7626677.425,12737795.36,6928224.437,1926147.414
2017-10-23,7626124.246,12742814.58,6927721.918,1928546.9
2017-10-23,7627438.954,12741890.25,6927219.4,1930659.041
2017-10-23,7626885.639,12740965.92,6930312.301,1932893.784
2017-10-24,7626332.325,12740041.59,6963907.17,1937291.2
2017-10-24,7636838.234,12739117.26,6963401.916,1940058.884
2017-10-27,7636284.118,12738192.93,6977640.279,1943089.969
2017-10-30,7635730.001,12737268.6,6977133.956,1945074.739
2017-10-30,7635175.884,12736344.26,6976627.632,1947059.509
2017-10-31,7647143.402,12739593.81,6976121.309,1950234.219
2017-10-31,7660589.393,12738669.18,6975614.986,1953219.185
2017-11-01,7660033.351,12737744.54,7008731.996,1957607.849
2017-11-01,7663467.019,12740809.62,7008223.232,1960167.867
2017-11-02,7662910.688,12743209.22,7007714.468,1962395.868
2017-11-03,7676176.812,12742284.05,7007205.704,1965376.672
2017-11-03,7675619.477,12741358.89,7009496.127,1967568.748
2017-11-07,7675062.142,12740433.72,7008987.16,1969560.214
2017-11-08,7674504.807,12756441.18,7008478.193,1972769.059
2017-11-08,7686173.989,12767741.31,7007969.226,1976521.72
2017-11-10,7719512.003,12766814.02,7041356.496,1983400.716
2017-11-10,7718951.318,12765886.74,7040845.067,1985400.112
2017-11-14,7718390.633,12764959.46,7040333.638,1987399.508
2017-11-14,7760058.935,12764032.18,7082051.196,1995503.93
2017-11-15,7759495.182,12763104.9,7109512.308,1999533.852
2017-11-15,7758931.429,12762177.62,7145536.73,2004188.465
2017-11-15,7758367.676,12761250.33,7211228.057,2011000.173
2017-11-16,7791291.82,12760323.05,7210704.061,2015446.306
2017-11-16,7801311.325,12769981.46,7210180.066,2019002.388
2017-11-17,7800744.369,12769053.41,7209656.07,2021021.39
2017-11-17,7800177.414,12786529.02,7209132.074,2024380.737
2017-11-21,7799610.458,12786718.08,7208608.079,2026482.622
2017-11-21,7830413.892,12796245.41,7208084.083,2031555.856
2017-11-21,7829844.656,13092581.6,7207560.087,2055298.893
2017-11-22,7880335.747,13091629.76,7207036.092,2061078.64
2017-11-23,7879762.798,13090677.92,7206512.096,2063127.426
2017-11-24,7879189.85,13089726.08,7213441.759,2065722.553
2017-11-24,7912243.5,13088774.24,7212917.221,2070239.282
2017-11-28,7911668.106,13183812.34,7212392.684,2079341.953
2017-11-29,7926741.98,13182853.51,7211868.146,2082551.439
2017-11-29,7926165.448,13181894.69,7229786.047,2085968.893
2017-11-30,7925588.915,13194971.59,7229260.168,2089064.403
2017-11-30,7925012.383,13194011.75,7228734.289,2091126.658
2017-12-01,7924435.851,13199407.57,7228208.41,2093658.247
2017-12-04,7998186.424,13235610.82,7227682.531,2103962.707
2017-12-04,7997604.483,13298261.32,7227156.652,2110741.02
2017-12-05,7997022.543,13297293.69,7245024.198,2114179.054
2017-12-05,8061950.541,13296326.05,7310006.918,2125971.974
2017-12-08,8061363.833,13295358.41,7309474.933,2128058.306
2017-12-08,8060777.126,13318287.88,7308942.948,2131920.527
2017-12-09,8060190.418,13325625.94,7308410.963,2134626.607
2017-12-13,8072294.949,13337347.2,7307878.978,2138605.526
2017-12-13,8071707.317,13336376.29,7320765.65,2141696.392
2017-12-14,8071119.685,13335405.38,7351667.786,2146133.795
2017-12-14,8070532.054,13380958.87,7351132.535,2151703.194
2017-12-15,8104853.783,13379984.57,7350597.284,2156411.01
2017-12-18,8109479.164,13379010.28,7350062.034,2158901.174
2017-12-19,8123540.592,13392687.97,7349526.783,2163197.309
2017-12-20,8151064.775,13419828.41,7348991.532,2169517.936
2017-12-20,8198290.999,13418851,7348456.282,2175215.371
2017-12-21,8197693.848,13448839.48,7347921.031,2179653.038
2017-12-21,8197096.697,13513714.41,7347385.78,2186720.87
2018-01-09,8199951.969,13516182.37,7346850.53,2189357.887
2018-01-10,8199354.566,13540762.8,7346315.279,2193403.117
2018-01-10,8198757.163,13539776.22,7469630.76,2204871.616
2018-01-17,8198159.761,13545762.71,7469086.485,2207526.801
2018-01-18,8206661.764,13544775.63,7477641.616,2211032.212
2018-01-19,8206063.698,13543788.54,7569894.701,2220189.277
2018-01-21,8205465.632,13551777.32,7578318.864,2223686.902
2018-01-22,8228081.117,13550789.58,7577766.508,2227586.51
2018-01-24,8253165.433,13549801.85,7577214.152,2231677.289
2018-01-24,8252563.803,13548814.11,7595480.852,2235249.959
2018-01-24,8251962.172,13569106.61,7594927.124,2239012.812
2018-01-24,8269452.077,13568117.32,7612464.931,2243914.391
2018-01-24,8268849.127,13567128.03,7627138.371,2247223.191
2018-01-25,8268246.178,13569855,7626582.214,2249655.328
2018-01-25,8267643.228,13589977.33,7626026.057,2253417.565
2018-01-25,8267040.279,13600597.85,7625469.9,2256456.153
2018-01-29,8266437.329,13726268.03,7624913.743,2268307.809
2018-01-29,8265834.38,13742867.49,7624357.585,2271817.455
2018-01-31,8270331.995,13746965.58,7623801.428,2274761.902
2018-01-31,8269728.673,13745962.74,7634389.174,2277780.321
2018-02-05,8269125.352,13744959.9,7676036.655,2283189.004
2018-02-06,8268522.03,13816677.37,7675476.605,2290953.17
2018-02-06,8267918.709,13838387.6,7674916.556,2294875.317
2018-02-07,8267315.387,13928024.62,7674356.507,2304040.664
2018-02-08,8274388.11,13950036.33,7673796.457,2308591.28
2018-02-12,8281442.307,13951570.92,7673236.408,2311562.541
2018-02-13,8280837.867,14043371.06,7672676.359,2320926.891
2018-02-13,8280233.426,14045315.97,7672116.309,2323346.472
2018-02-13,8281485.083,14044290.69,7671556.26,2325680.145
2018-02-13,8280880.506,14054401.18,7670996.21,2328734.278
2018-02-14,8286730.495,14053375.09,7670436.161,2331426.432
2018-02-20,8293467.025,14052349,7677217.69,2334759.467
2018-02-22,8299463.044,14051322.9,7683258.707,2337979.524
2018-02-22,8298856.979,14054053.42,7682697.639,2340465.477
2018-02-26,8298250.913,14082665.23,7682136.572,2344970.808
2018-03-01,8297644.848,14081636.7,7681575.504,2347166.473
2018-03-01,8304377.679,14080608.16,7688353.334,2350509.344
2018-03-01,8303771.078,14084587.8,7687791.73,2353097.911
2018-03-02,8367490.527,14083558.9,7751556.178,2365370.632
2018-03-03,8366879.226,14082530,7750989.875,2367577.135
2018-03-05,8392049.715,14081501.11,7750423.572,2371806.846
2018-03-06,8399399.049,14080472.21,7749857.269,2374640.714
2018-03-07,8416283.568,14079443.31,7749290.966,2378225.607
2018-03-09,8451359.274,14078414.41,7748724.663,2383245.101
2018-03-09,8462820.713,14089464.61,7760237.452,2388313.079
2018-03-09,8462202.176,14180267.56,7759670.266,2397771.294
2018-03-09,8461583.639,14179231.07,7759103.08,2399993.51
2018-03-13,8467846.306,14178194.58,7758535.895,2402759.522
2018-03-14,8504807.479,14214738.3,7757968.709,2410927.816
2018-03-15,8504185.692,14213699.06,7799301.022,2416473.802
2018-03-16,8573055.774,14212659.81,7798730.772,2424213.21
2018-03-16,8572428.905,14211620.57,7807425.428,2427184.664
2018-03-20,8575044.517,14213823.81,7806854.501,2429936.741
2018-03-20,8574417.411,14212784.33,7806283.574,2432174.252
2018-03-20,8573790.305,14225691.37,7819659.162,2436631.453
2018-03-20,8573163.199,14237729.09,7819087.215,2439912.785
2018-03-21,8572536.093,14236687.64,7831990.776,2443227.784
2018-03-22,8571908.988,14251667.44,7831417.843,2446748.024
2018-03-22,8603368.345,14250624.81,7830844.91,2451554.226
2018-03-23,8624336.641,14271179.93,7830271.978,2457253.741
2018-03-27,8659620.522,14270135.72,7829699.045,2462377
2018-04-03,8658986.86,14270202.49,7829126.112,2464716.826
2018-04-03,8762041.296,14303720.9,7828553.179,2478056.913
2018-04-04,8761400.046,14334707.11,7827980.247,2482889.84
2018-04-04,8760758.796,14368354.38,7827407.314,2487941.7
2018-04-04,8760117.546,14450295.85,7826834.381,2496884.219
2018-04-04,8759476.296,14535140.42,7826261.448,2506073.644
2018-04-04,8792186.696,14534076.36,7825688.516,2511040.243
2018-04-05,8791543.004,14615987.24,7825115.583,2520015.793
2018-04-10,8790899.312,14648647.81,7824542.65,2525026.801
2018-04-13,8790255.62,14667873.23,7823969.717,2528957.002
2018-04-13,8811389.618,14666799.13,7845174.474,2534772.345
2018-04-16,8854685.05,14665725.04,7844599.947,2540625.538
2018-04-16,8854036.545,14666130.94,7844025.419,2543042.668
2018-04-20,8860787.498,14665056.73,7843450.891,2545940.448
2018-04-20,8860138.451,14663982.53,7842876.364,2548238.228
2018-04-23,8863188.591,14662908.32,7842301.836,2550836.821
2018-04-23,8862539.274,14693027.63,7841727.309,2555673.959
2018-04-23,8861889.956,14691951.14,7850399.393,2558727.683
2018-04-24,8865401.309,14690874.65,7853984.859,2561707.356
2018-04-25,8864751.686,14731471.57,7853409.349,2567411.016
2018-04-30,8864102.063,14815916.23,7852833.839,2576704.297
2018-04-30,8863452.44,14814830.42,7852258.329,2579015.242
2018-05-02,8889397.425,14813744.61,7851682.819,2583503.581
2018-05-03,8904500.006,14812658.79,7856358.693,2587537.938
2018-05-03,8906157.746,14811572.98,7858093.266,2590231.438
2018-05-03,8920226.07,14815394.24,7857517.202,2594157.919
2018-05-08,8937220.553,14814308.07,7856941.137,2597924.672
2018-05-08,8936565.284,14846832.73,7856365.073,2603007.346
2018-05-09,8935910.014,14845744.09,7862856.966,2605909.359
2018-05-10,8946479.501,14844655.45,7862280.383,2609155.092
2018-05-14,8945823.408,14843566.82,7861703.801,2611476.405
2018-05-16,8994523.809,14842478.18,7861127.218,2617873.954
2018-05-17,8996034.662,14841389.54,7862721.201,2620557.755
2018-05-18,9003124.065,14848050.18,7862144.46,2624165.456
2018-05-24,9017320.371,14846960.97,7861567.718,2627722.368
2018-05-24,9020468.038,14845871.77,7860990.976,2630365.648
2018-05-29,9019806.228,14854417.97,7860414.234,2633492.998
2018-05-30,9197342.29,14853328.06,7859837.492,2650623.34
2018-05-30,9196667.404,14856138.83,7863161.433,2653613.515
2018-05-31,9218287.092,14855048.63,7862584.405,2657811.054
2018-05-31,9235149.527,14853958.43,7879546.334,2663076.89
2018-05-31,9343142.501,14852868.23,7878968.018,2674484.429
2018-05-31,9342456.716,14854295.21,7878389.703,2677048.817
2018-05-31,9341770.93,14868155.81,7877811.388,2680652.326
2018-06-05,9341085.145,14867064.33,7877233.072,2683007.908
2018-06-06,9352221.814,14865972.84,7876654.757,2686353.035
2018-06-06,9359528.019,14864881.36,7884069.3,2690048.768
2018-06-13,9493625.505,14863789.88,7883490.398,2703709.385
2018-06-14,9492928.367,14869649.9,7882911.495,2706660.41
2018-06-15,9492231.229,14886546.52,7900321.211,2712051.206
2018-06-19,9491534.091,14885453.21,7926765.287,2716694.581
2018-06-19,9511036.588,14884359.9,7926183.079,2720767.605
2018-06-20,9528322.62,14883266.59,7925600.87,2724657.094
2018-06-21,9527622.677,14929279,7925018.662,2731005.33
2018-06-21,9526922.734,14928182.23,7924436.454,2733384.254
2018-06-25,9526222.792,14927085.45,7928695.201,2736172.224
2018-06-26,9567318.891,14925988.68,7928112.637,2742086.462
2018-06-26,9566615.876,14991824.64,7927530.073,2750135.077
2018-06-26,9565912.862,14997913.64,7926947.509,2753131.656
2018-06-26,9570164.608,14996811.42,7926364.945,2755939.695
2018-06-26,9570382.977,14995709.2,7925782.381,2758406.109
2018-06-26,9585910.32,14994606.98,7925199.817,2762173.551
2018-06-26,9585205.681,14993504.76,7924617.253,2764562.975
2018-06-29,9617813.501,15025715,7957347.149,2775460.521
2018-06-29,9638836.222,15024610.33,7978491.945,2781560.673
2018-06-29,9638127.536,15065387.89,7977905.334,2787532.947
2018-07-02,9637418.85,15064280.14,7977318.723,2789935.993
2018-07-05,9668570.113,15095032.34,7976732.113,2797784.142
2018-07-09,9667859.084,15117154.14,7976145.502,2802178.981
2018-07-09,9667148.055,15141465.76,7975558.891,2806765.006
2018-07-11,9666437.026,15167776.96,7974972.28,2811526.444
2018-07-11,9665725.997,15179859.24,7974385.67,2815071.802
2018-07-12,9665014.968,15178742.58,7991849.384,2819035.775
2018-07-13,9689922.926,15177625.92,8016880.432,2825854.429
2018-07-16,9689210.012,15176509.26,8019053.007,2828511.427
2018-07-23,9688497.098,15175392.61,8021501.395,2831192.611
2018-07-24,9687784.185,15200152.13,8020911.144,2835842.253
2018-07-27,9687071.271,15205938.04,8020320.894,2838859.508
2018-07-31,9686358.357,15207028.23,8019730.644,2841472.475
2018-08-01,9685645.444,15205909,8019140.394,2843894.873
2018-08-02,9721748.248,15204789.77,8018550.143,2849501.552
2018-08-02,9721032.624,15203670.53,8017959.893,2851926.66
2018-08-02,9729519.575,15202551.3,8017369.643,2855149.193
2018-08-03,9735014.554,15201432.07,8016779.392,2858113.698
2018-08-03,9734297.796,15209094.48,8016189.142,2861302.296
2018-08-09,9757870.468,15232264.03,8039888.323,2870060.893
2018-08-09,9757151.921,15244977.11,8039296.284,2873696.392
2018-08-14,9756433.374,15250592.83,8038704.245,2876716.261
2018-08-15,9755714.827,15261783.94,8038112.206,2880223.008
2018-08-27,9754996.279,15272966.55,8037520.167,2883730.986
2018-08-28,9754277.732,15271841.55,8036928.128,2886166.57
2018-08-31,9753559.185,15270716.55,8176048.967,2900809.275
2018-09-03,9803766.056,15269591.55,8175446.636,2907708.734
2018-09-06,9803043.757,15271684.85,8174844.304,2910440.069
2018-09-06,9832809.776,15270559.62,8204730.291,2918232.298
2018-09-06,9832085.23,15278559.19,8204125.712,2921486.843
2018-09-07,9831360.684,15277433.29,8236909.516,2926872.493
2018-09-12,9872243.753,15276307.38,8236302.477,2932985.37
2018-09-17,9871516.14,15275181.47,8313929.047,2942325.319
2018-09-21,9899586.637,15331651.78,8342114.351,2954930.209
2018-09-24,9898856.902,15339712.01,8341499.423,2958214.645
2018-09-26,9898127.167,15366536.25,8368839.568,2965619.992
2018-09-26,9897397.431,15420630.23,8368222.579,2972973.645
2018-09-28,9896667.696,15494229.45,8367605.59,2982059.156
2018-10-01,9921204.052,15493086.97,8366988.601,2986782.263
2018-10-01,9920472.454,15497874.29,8372301.402,2990322.845
2018-10-09,9919740.855,15496731.38,8372545.192,2992891.063
2018-10-17,9919009.257,15495588.47,8388902.759,2996888.006
2018-10-17,9918277.659,15523720.78,8388284.017,3001979.036
2018-10-17,9917546.061,15533872.37,8387665.275,3005477.78
2018-10-17,9930934.677,15532726.47,8387046.533,3009229.27
2018-10-19,9964199.711,15565578.24,8420425.466,3020801.632
2018-10-19,9964290.965,15564429.83,8419804.216,3023380.04
2018-10-24,9963555.756,15586166.48,8419182.966,3027924.844
2018-10-26,9962820.547,15659398.32,8418561.715,3037067.65
2018-10-29,9962085.337,15664354.25,8424051.983,3040671.203
2018-10-29,9995979.94,15697828.02,8423430.282,3049374.53
2018-10-30,9995242.175,15712950.89,8422808.581,3053349.128
2018-10-31,9994504.41,15831135.94,8422186.88,3066554.545
2018-10-31,10055594.59,15891795.27,8421565.178,3080164.729
2018-10-31,10054852.26,15892549.23,8420943.477,3082874.798
2018-11-05,10054109.93,15901888.12,8420321.776,3086355.944
2018-11-07,10053367.6,15900714.03,8470474.397,3093456.744
2018-11-07,10052625.27,15942259.46,8469848.946,3099840.911
2018-11-09,10051882.94,15950760.91,8469223.496,3103257.241
2018-11-12,10067584.01,15949582.95,8468598.045,3107284.587
2018-11-15,10066840.46,15954326.01,8467972.595,3110365.522
2018-11-19,10066096.92,15953147.61,8512950.76,3117029.299
2018-11-22,10088090.22,15951969.21,8512321.941,3121634.219
2018-11-22,10087344.99,16004329.55,8511693.122,3129027.927
2018-11-26,10086599.77,16012604.27,8511064.303,3132440.245
2018-11-27,10094189.51,16011421.22,8510435.484,3135752.376
2018-11-29,10093443.67,16097272.96,8509806.665,3146201.292
2018-11-29,10136933.54,16140319.18,8509177.846,3156794.024
2018-12-07,10136184.43,16186017.4,8508549.027,3163623.738
2018-12-10,10135435.32,16226698.18,8507920.208,3170004.883
2018-12-11,10145238.56,16225498.87,8517843.734,3174502.432
2018-12-12,10157433.87,16237244.76,8517214.136,3179439.081
2018-12-18,10156683.03,16244911.27,8516584.537,3182828.011
2018-12-19,10155932.18,16317593.5,8515954.938,3192149.866
2018-12-19,10155181.34,16316387.12,8615860.412,3203916.795
2018-12-19,10154430.49,16315180.73,8708614.122,3215046.327
2018-12-20,10153679.65,16387269.73,8707970.184,3224352.104
2018-12-21,10152928.8,16386057.93,8912608.859,3245753.242
2018-12-24,10152177.96,16583705.59,8911949.74,3266597.547
2019-01-01,10151427.11,16582479.07,8911290.62,3304554.026
2019-01-08,10150676.27,16606869.05,8910631.501,3309542.015
2019-01-09,10149925.42,16605640.64,8946277.737,3315516.034
2019-01-14,10149174.58,16773010.25,8945615.932,3333661.077
2019-01-17,10164362.72,16777082.36,8944954.127,3338270.623
2019-01-21,10163610.7,16775841.08,8944292.322,3340925.728
2019-01-21,10170641.12,16774599.81,8943630.518,3344298.38
2019-01-25,10178357.04,16781827.05,8942968.713,3348517.035
2019-01-30,10177603.81,16780585.14,8965193.087,3353287.791
2019-01-31,10176850.58,16832257.66,8964529.588,3360837.997
2019-02-04,10176921.14,16831011.84,8963866.09,3363576.761
2019-02-05,10176167.85,16832786.33,8963202.591,3366519.061
2019-02-07,10182209.74,16831540.29,8962539.092,3377236.707
2019-02-07,10181455.95,16884274.66,8961875.594,3384907.625
2019-02-07,10180702.16,16959817.58,8961212.095,3394704.997
2019-02-08,10179948.37,16977707.66,8960548.597,3399157.203
2019-02-11,10179194.58,16976450.52,8959885.098,3411694.635
2019-02-12,10178440.79,16975193.38,8959221.599,3414369.067
2019-02-12,10177687,16995758.06,8958558.101,3419076.67
2019-02-14,10176933.21,16994499.3,8957894.602,3421752.718
2019-02-14,10176179.41,16993240.55,8957231.104,3424428.766
2019-02-14,10200817.64,16991981.79,8956567.605,3429476.793
2019-02-15,10200061.97,17054399.57,8955904.106,3438108.181
2019-02-19,10199306.3,17053136.09,9219255.096,3465496.34
2019-02-19,10198550.63,17071823.11,9218572.036,3470067.059
2019-02-19,10214456.07,17087219.27,9234550.09,3477456.104
2019-02-19,10213699.16,17140015.01,9233865.796,3544369.556
2019-02-19,10212942.26,17161598.82,9233181.502,3574226.955
2019-02-26,10212185.35,17160326.93,9232497.207,3576940.045
2019-02-26,10211428.44,17163082.23,9231812.913,3580031.944
2019-03-01,10367986.32,17161810.04,9231128.619,3597555.546
2019-03-04,10377579.88,17163991.9,9230444.325,3601582.423
2019-03-05,10376810.55,17162719.45,9243933.397,3605645.132
2019-03-06,10376041.21,17161447.01,9243248.052,3608372.257
2019-03-07,10379840.3,17160174.57,9242562.707,3611530.954
2019-03-07,10408140.12,17158902.12,9241877.362,3617006.924
2019-03-11,10415932.82,17157629.68,9241192.017,3620547.011
2019-03-11,10415160.36,17159440.24,9240506.672,3623569.263
2019-03-18,10440725.06,17184504.74,9266158.496,3633789.488
2019-03-18,10446344.07,17183230.11,9265471.197,3637132.404
2019-03-20,10445569.17,17181955.48,9297233.62,3642950.501
2019-03-21,10444794.28,17180680.86,9308854.122,3646859.648
2019-03-25,10444019.39,17179406.23,9308163.503,3719330.787
2019-03-27,10461506.01,17178131.61,9307472.884,3723809.408
2019-03-28,10465294.8,17176856.98,9311347.305,3727420.821
2019-03-29,10464518.21,17175582.36,9362748.315,3792190.125
2019-03-29,10463741.63,17174307.73,9382742.508,3819574.425
2019-04-02,10462965.04,17182087.22,9382046.149,3823186.886
2019-04-02,10481336.76,17180811.92,9381349.79,3827765.818
2019-04-04,10480558.76,17220948.99,9422065.804,3838440.738
2019-04-10,10479780.75,17219670.62,9438432.021,3898930.902
2019-04-11,10496453.58,17235843.09,9437731.32,3905033.3
2019-04-12,10495674.27,17246758.53,9437030.62,3922327.863
2019-04-16,10499456.96,17245477.96,9436329.92,3925526.449
2019-04-17,10498677.32,17246985.7,9438417.53,3928823.244
2019-04-18,10532996.99,17263254.57,9455266.28,3938335.947
2019-04-18,10532214.74,17261972.49,9454564.069,3972952.491
2019-04-18,10540553.76,17265251.04,9458422.496,3977476.488
2019-04-18,10544331.13,17263968.62,9462280.244,3981123.791
2019-04-23,10543547.87,17322968.86,9461577.356,3989709.705
2019-04-29,10577002.74,17390158.23,9460874.468,4002403.171
2019-05-02,10576216.93,17388866.25,9460171.58,4005183.858
2019-05-07,10575431.12,17444561.05,9459468.692,4013477.755
2019-05-10,10608464.68,17477084.2,9458765.804,4022811.928
2019-05-10,10619983.67,17475785.46,9458062.915,4026794.558
2019-05-15,10619194.44,17577330.88,9457360.027,4039560.27
2019-05-15,10629986.03,17587605.33,9456657.139,4044607.112
2019-05-17,10629195.93,17597919.07,9455954.251,4048536.353
2019-05-24,10628405.83,17618985.4,9455251.363,4053513.013
2019-05-28,10627615.73,17637843.93,9454548.475,4058278.468
2019-06-03,10642392.92,17636532.67,9474394.398,4064600.348
2019-06-06,10641601.66,17635221.4,9473689.982,4067407.286
2019-06-07,10646260.22,17639359.94,9472985.566,4071277.602
2019-06-07,10665853.15,17658432.87,9472281.15,4078066.161
2019-06-12,10665059.97,17657119.68,9471576.734,4080876.941
2019-06-17,10664266.8,17669401.79,9470872.318,4085017.422
2019-06-20,10672582.02,17668087.59,9470167.902,4088720.813
2019-06-20,10671788.17,17666773.4,9469463.487,4091533.282
2019-06-21,10694473.19,17665459.2,9468759.071,4096647.876
2019-06-25,10693677.59,17664145,9532107.94,4105747.806
2019-06-25,10713656.62,17662830.8,9531398.759,4110607.154
2019-06-27,10715590.97,17661516.6,9530689.578,4113696.177
2019-06-28,10714793.62,17660202.4,9569584.258,4120413.046
2019-06-28,10713996.27,17658888.2,9588996.677,4147324.176
2019-07-03,10728010.61,17657574,9603094.739,4153068.475
2019-07-08,10745359.88,17674407.52,9602380.01,4159475.42
2019-07-16,10758212.51,17686744.41,9601665.281,4165000.624
2019-07-16,10757411.69,17701032.66,9616555.366,4170915.83
2019-07-18,10756610.87,17699714.93,9629384.319,4175089.424
2019-07-26,10755810.05,17708537.79,9638808.008,4179931.696
2019-07-26,10755009.23,17707219.31,9638090.354,4182768.652
2019-07-29,10837825.77,17705900.83,9637372.7,4193893.247
2019-07-29,10872581.92,17704582.35,9636655.046,4200264.146
2019-07-30,10871772.23,17766259.78,9635937.392,4209364.059
2019-07-31,10870962.53,17798910.94,9635219.739,4215590.253
2019-08-08,10870152.84,17797585.23,9640641.567,4219053.824
2019-08-08,10869343.14,17796259.53,9639923.456,4226907.335
2019-08-14,10919193.68,17845594.05,9639205.344,4239852.885
2019-08-16,10941104.86,17844264.57,9638487.233,4244979.298
2019-08-20,10944836.1,17842935.09,9637769.122,4248295.641
2019-08-21,10944020.6,17841605.62,9734075.975,4260846.768
2019-08-28,10943205.1,17854544.28,9733350.634,4265142.946
2019-08-28,10942389.6,17867823.54,9747235.095,4270936.726
2019-08-28,10974507.79,17866491.91,9746508.665,4289183.597
2019-09-09,10979893.37,17865160.28,9745782.235,4292681.077
2019-09-10,10979074.95,17867009.71,9754598.996,4296833.301
2019-09-11,11027780.1,17915201.4,9803395.416,4314618.745
2019-09-12,11026957.99,17953250.63,9802664.583,4321462.463
2019-09-16,11026135.88,17951912.13,9801933.75,4324353.902
2019-09-19,11088916.07,17950573.64,9801202.917,4333643.038
2019-09-26,11088089.22,17949235.14,9800472.084,4336539.219
2019-09-26,11087262.37,17947896.64,9835857.429,4343074.222
2019-10-01,11097508.47,17946558.15,9846196.857,4348206.188
2019-10-07,11096680.79,17952781.53,9845462.505,4351869.839
2019-10-09,11099899.43,17951442.47,9844728.153,4355179.607
2019-10-14,11099071.45,17950103.41,9862393.888,4359940.912
2019-10-15,11098243.48,17948764.34,9861658.163,4362843.677
2019-10-21,11122765.28,17947425.28,9911622.01,4373446.135
2019-10-22,11135041.58,17946086.22,9937094.853,4380338.648
2019-10-31,11143676.78,17944747.16,9945819.435,4385169.931
2019-10-31,11178169.2,17943408.1,9980401.235,4395252.955
2019-10-31,11201400.55,17942069.04,10003721.98,4403059.917
2019-11-01,11204740.09,17940729.98,10002975.38,4406406.039
2019-11-04,11252302.73,17939390.92,10002228.77,4414252.069
2019-11-06,11259624.3,17946213.35,10001482.17,4418839.672
2019-11-08,11258783.78,17944873.68,10000735.57,4439790.465
2019-11-12,11257943.26,17957132.19,9999988.967,4444104.082
2019-11-22,11265094.07,17955791.5,10007233.7,4448663.214
2019-11-22,11275604.85,17954450.82,10017838.4,4453911.42
2019-11-29,11274762.89,17953110.13,10151443.09,4470577.38
2019-12-03,11355567.26,18033415.79,10150685.01,4490225.427
2019-12-03,11354719.2,18032069.01,10149926.93,4544576.352
2019-12-04,11361960.34,18038811.42,10149168.85,4549187.237
2019-12-06,11361111.67,18045082.65,10148410.77,4552922.752
2019-12-16,11360263,18049856.35,10147652.69,4556505.809
2019-12-18,11386619.62,18048507.93,10146894.62,4562255.684
2019-12-19,11385768.92,18101855.28,10146136.54,4570836.112
2020-01-08,11423906.44,18100502.79,10184366.68,4581820.522
2020-01-13,11423052.83,18131647.87,10183605.69,4588134.039
2020-01-16,11422199.22,18130292.95,10182844.69,4591103.574
2020-02-05,11454203.66,18128938.02,10214941.75,4600851.002
2020-02-05,11462377.5,18127583.09,10214178.31,4604757.529
2020-02-11,11473756.74,18126228.16,10213414.86,4622496.674
2020-02-13,11542815.65,18124873.23,10212651.41,4632701.133
2020-02-17,11541952.77,18177022.31,10211887.96,4641218.395
2020-02-18,11554002.74,18175663.38,10224037.37,4646877.946
2020-02-19,11553138.89,18174304.45,10262192.11,4696850.983
2020-02-21,11552275.04,18190613.1,10261424.79,4701673.505
2020-02-27,11551411.19,18227846.84,10260657.46,4722870.945
2020-02-27,11584971.32,18226483.7,10259890.14,4729441.271
2020-02-28,11584104.9,18295949.94,10259122.81,4739801.868
2020-03-06,11590902.1,18317572.39,10258355.49,4745993.55
2020-03-11,11590035.1,18611337.97,10257588.16,4779730.291
2020-03-12,11589168.1,18609945.74,10256820.84,4782756.845
2020-03-12,11592511.93,18608553.51,10256053.52,4786222.564
2020-03-13,11598503.69,18614020.35,10255286.19,4790681.292
2020-03-17,11598631.83,18612627.6,10254518.87,4793813.225
2020-03-17,11597763.92,18611234.86,10253751.54,4796841.194
2020-03-20,11706902.13,18609842.11,10472996.43,4834397.347
2020-03-26,11706025.99,18608449.37,10504308.01,4840810.648
2020-03-27,11705149.86,18620633.86,10503521.82,4845288.481
2020-03-30,11741927.91,18656894.29,10502735.62,4897845.491
2020-03-31,11749605.41,18664054.16,10501949.43,4902703.313
2020-04-07,11782908.34,18662656.94,10501163.24,4909356.8
2020-04-22,11815622.5,18694856.04,10500377.05,4919485.739
2020-04-22,11821829.28,18700547.75,10499590.86,4924048.431
2020-04-27,11825612.55,18699147.49,10503473.14,4928103.144
2020-04-27,11824727,18699556.57,10504495.95,4931556.801
2020-05-01,11839816.82,18698156.17,10503709.27,4936314.066
2020-05-05,11860766.1,18718591.8,10502922.59,4943996.828
2020-05-05,11869600.79,18717189.76,10511858.98,4949127.783
2020-05-06,11879941.21,18715787.73,10522301.11,4954580.274
2020-05-09,11879051.26,18714385.69,10660355.57,4972347.795
2020-05-14,11878161.31,18810735.05,10659556.93,4985787.027
2020-05-14,11877271.36,18809325.69,10658758.28,4988884.985
2020-05-19,11876381.41,18815104.19,10657959.63,4992745.088
2020-05-22,11902565.95,18840768.78,10657160.98,5001589.61
2020-05-27,11918642.9,18839356.85,10656362.33,5006494.232
2020-05-27,11928935.78,18841673.63,10655563.69,5011183.221
2020-05-28,12036341.59,18840261.42,10654765.04,5025807.359
2020-06-01,12063457,18838849.22,10681984,5034885.191
2020-06-03,12062552.69,18837979.24,10681183.26,5038060.219
2020-06-04,12068836.58,18836567,10680382.51,5041943.876
2020-06-16,12126588.54,18835154.75,10699134.03,5053406.287
2020-06-16,12157816.7,18833742.5,10698331.81,5059961.583
2020-06-16,12159606.38,18832330.25,10697529.6,5063376.368
2020-06-17,12185114.23,18830918,10723147.09,5072153.579
2020-06-19,12225260.39,18829505.75,10722342.89,5079678.417
2020-06-22,12246788.38,18828093.51,10788873.43,5092428.139
2020-06-22,12276182.9,18826681.26,10788064.18,5110005.113
2020-06-22,12282738.02,18847697.01,10787254.93,5116355.488
2020-06-22,12281816.59,18883062.45,10786445.69,5123448.73
2020-06-23,12280895.15,18881645.76,10785636.44,5126596.102
2020-06-23,12311575.68,18880229.07,10784827.19,5133141.509
2020-06-25,12326585.74,18894746.24,10784017.95,5139720.514
2020-07-01,12325660.74,18906024.12,10783208.7,5144239.885
2020-07-06,12329249.29,18904605.28,10782399.45,5147879.423
2020-07-13,12337350.37,18903186.45,10790616.63,5152980.004
2020-07-15,12336424.35,19065440.11,10789806.71,5173801.882
2020-07-16,12376240.98,19064008.99,10788996.78,5196418.131
2020-07-21,12375311.9,19096453.62,10788186.86,5203250.5
2020-07-22,12383857.72,19095019.95,10796851.83,5208473.373
2020-07-23,12382927.93,19093586.28,10812011.97,5213376.692
2020-07-24,12395731.3,19092152.61,10815777.85,5218536.108
2020-07-29,12394800.48,19153741.7,10814965.68,5228547.023
2020-07-29,12393869.66,19152303.3,10849335.41,5235546.511
2020-07-29,12397521.17,19155447.22,10848520.59,5239725.902
2020-07-30,12435602.91,19154008.48,10860710.07,5248564.421
2020-08-05,12465826.65,19152569.73,10859894.27,5255142.222
2020-08-06,12478832.5,19151130.99,10859078.48,5259850.919
2020-08-06,12491836.25,19149692.24,10858262.68,5264561.71
2020-08-06,12558678.04,19148253.5,10857446.88,5275144.462
2020-08-13,12557734.42,19164666.95,10856631.08,5280290.432
2020-08-17,12558429.17,19164865.24,10855815.29,5283847.729
2020-08-17,12557485.42,19163425.03,10854999.49,5287047.482
2020-08-28,12597105.7,19161984.82,10854183.69,5294683.21
2020-08-31,12611432.37,19175818.07,10853367.89,5301229.09
2020-09-02,12619726,19174376.71,10880276.82,5308482.891
2020-09-02,12658926.69,19213084.69,10919608.27,5324892.779
2020-09-07,12685379.06,19211640.31,10918787.37,5331115.685
2020-09-14,12729566.95,19210195.93,10917966.47,5339290.071
2020-09-14,12804945.74,19208751.56,10917145.57,5350898.557
2020-09-14,12817497.11,19207307.18,10916324.67,5355612.455
2020-09-14,12882526.37,19205862.81,10915503.77,5366102.478
2020-09-16,12916779.33,19204418.43,10914682.87,5373214.795
2020-09-21,12915807.85,19202974.06,10915546.36,5376637.155
2020-09-22,12935101.61,19208284.76,10914725.34,5382853.71
2020-09-25,12934128.61,19214252.8,10913904.31,5386910.705
2020-09-30,12933155.61,19383294.37,10913083.28,5408979.165
2020-10-05,12933985.8,19387245.7,10912262.26,5413028.663
2020-10-07,12949670.18,19385787.02,10911441.23,5418123.983
2020-10-15,12956393.69,19384328.35,10910620.2,5422230.18
2020-10-19,12955418.72,19382869.67,10928254.73,5427529.297
2020-10-19,12954443.75,19381411,10927432.32,5430785.358
2020-10-22,12957987.45,19379952.32,10926609.9,5434542.739
2020-10-28,12957012.14,19380680.81,10925787.49,5445331.976
